{
    "_ColorR": 1.0,
    "_ColorG": 1.0,
    "_ColorB": 1.0,
    "_RampLevels": 4.0,
    "_LightScalar": 1.309999942779541,
    "_HighColorR": 1.0,
    "_HighColorG": 1.0,
    "_HighColorB": 1.0,
    "_HighIntensity": 2.3499999046325685,
    "_LowColorR": 0.38369518518447878,
    "_LowColorG": 0.6078172922134399,
    "_LowColorB": 0.6415094137191773,
    "_LowIntensity": 1.3600000143051148,
    "_OutlineColorR": 0.0,
    "_OutlineColorG": 0.0,
    "_OutlineColorB": 0.10899997502565384,
    "_OutlineSize": 10.0,
    "_RimColorR": 1.0,
    "_RimColorG": 1.0,
    "_RimColorB": 1.0,
    "_RimAlpha": 0.0,
    "_RimPower": 0.0,
    "_RimDropOff": 0.0,
    "_FresnelColorR": 0.671999990940094,
    "_FresnelColorG": 0.671999990940094,
    "_FresnelColorB": 1.0,
    "_FresnelBrightness": 0.46700000762939455,
    "_FresnelPower": 0.5199999809265137,
    "_FresnelShadowDropoff": 0.0,
    "_GradYCap": 0.0,
    "_GradIntensity": 0.0
}